epoch,train_loss,val_loss,val_dice,val_miou
1,0.6853746175765991,0.8361580457006182,0.25769785533145984,0.16963592475774336
2,0.5802245553229292,0.5531362866868779,0.40672754754825513,0.29291547196252005
3,0.5061175331111513,0.5261768619624936,0.4352968043210555,0.3258084314210074
4,0.4578431340111276,0.4944138338371199,0.5353979517002495,0.41417343944919355
5,0.41451938012840994,0.4311330342779354,0.5609503181613221,0.43243908091467254
6,0.3804742613638737,0.4559062768001946,0.5510425640612232,0.4421840912225295
7,0.364053744485573,0.3827430484246235,0.6326353039060321,0.5218132880269265
8,0.3297145053514055,0.3370962666005504,0.6835881775739242,0.5784931243682394
9,0.3125069788749644,0.419602065670247,0.5855037545671269,0.46931205477033344
10,0.3158353865146637,0.4056619235447475,0.5987473178882988,0.4932485827986075
11,0.2939567221513647,0.2976792570279569,0.7076955157883313,0.6116662001123234
12,0.27464299969720524,0.3195924181111005,0.695639680842964,0.5908661350911978
13,0.29007369694330837,0.3086681706564767,0.6850350438332071,0.587607699997571
14,0.27395247097310116,0.27850114812656324,0.7306448196878239,0.6358799362669185
15,0.2784691622057235,0.27326847582447283,0.7348033165445134,0.6405100226402283
16,0.2586241780264225,0.2830836152543827,0.7313793033969646,0.6331322047175193
17,0.26514046729663615,0.2745344261733853,0.7385098569247187,0.6380650425443843
18,0.24355843643479,0.2709156019347055,0.7428311279841832,0.6437129877051528
19,0.2489811975434916,0.2901513314976984,0.7273867397892232,0.6356983902503033
20,0.2477973277205663,0.26873485409483616,0.7426571408096625,0.6442399535860334
21,0.2630973253029072,0.3076378836923716,0.6988077236681568,0.5921349750489605
22,0.2537283149381347,0.3039559849670955,0.71870128597532,0.613633681316765
23,0.25305473640001896,0.2845412444095222,0.7387475918750374,0.6378913679901435
24,0.22568736434246003,0.27419367371773234,0.7531801389188183,0.6520071516231615
25,0.23345827408315856,0.26228316523590867,0.7458282417180587,0.6551918058979268
26,0.23448095541389835,0.29726635740727797,0.7219524772799745,0.6153908742933857
27,0.22382929779704305,0.27816929014361635,0.734552687528182,0.6430610661603966
28,0.22647152311491386,0.2566566272657745,0.7461921706491587,0.6570118300768794
29,0.218601240227554,0.2625985924078494,0.7504106115321724,0.651270156003991
30,0.2381835196816895,0.25380831956863403,0.755871019801315,0.659673201794527
