arch_id,chromosome,architecture,parameters,proxy_seconds,synflow_log10,synflow_log10_std,current_sa_swap,current_sa_swap_std,current_sa_jaccov,current_sa_jaccov_std,original_swap,original_swap_std,regularized_swap,regularized_swap_std,original_jacobian_covariance,original_jacobian_covariance_std,naswot_relu_logdet,naswot_relu_logdet_std,grad_norm,grad_norm_std,snip,snip_std,seed,val_loss,val_dice,val_miou,best_epoch,train_seconds
0,"[0, 0, 0, 0, 0, 0, 0, 0]","{""encoder"": [""Residual"", ""Residual"", ""Residual"", ""Residual""], ""decoder"": [""Residual"", ""Residual"", ""Residual"", ""Residual""]}",4422985,16.825132748999977,27.66559143636749,0.0,0.32562255859375,0.0,-0.03163047245288908,0.0,506856.3333333333,28.58126814696802,482344.7755725056,27.19907883810211,-294.73089599609375,0.0,279.98780314127606,1.4386124291718496e-05,0.909187932809194,4.389032132302626e-07,3.901482582092285,2.2233091787099394e-05,1348245002,0.2647332439617235,0.7492753741692524,0.6597888810294015,24,532.8996058509999
1,"[1, 1, 1, 1, 1, 1, 1, 1]","{""encoder"": [""Dense"", ""Dense"", ""Dense"", ""Dense""], ""decoder"": [""Dense"", ""Dense"", ""Dense"", ""Dense""]}",4926729,26.40776568000001,32.13317002397147,0.0,0.3697235107421875,0.0,-0.017114085873799922,0.0,221734.33333333334,34.83612429010374,219665.46770441314,34.51109000649183,-294.73089599609375,0.0,287.1109619140625,0.0,0.6209153930346171,1.0130841560349434e-07,2.8150920073191323,1.2525991694340536e-05,162415207,0.28845452410834177,0.7184376801763263,0.6196250647914653,25,758.0559637459999
2,"[2, 2, 2, 2, 2, 2, 2, 2]","{""encoder"": [""Inception"", ""Inception"", ""Inception"", ""Inception""], ""decoder"": [""Inception"", ""Inception"", ""Inception"", ""Inception""]}",7362441,42.58777994299999,40.04261563468729,0.0,0.11624450683593751,0.0,-0.017570429620263894,0.0,789522.6666666666,22.983085567917602,53355.34499182014,1.5531795491451692,-294.73089599609375,0.0,257.78399658203125,0.0,0.4808981120586395,1.508676648662061e-06,3.7478686968485513,0.0001916688990193681,1124069059,0.32063107891958587,0.689226648029016,0.5866501830062087,25,1013.3173813570002
3,"[3, 3, 3, 3, 3, 3, 3, 3]","{""encoder"": [""ConvNeXt"", ""ConvNeXt"", ""ConvNeXt"", ""ConvNeXt""], ""decoder"": [""ConvNeXt"", ""ConvNeXt"", ""ConvNeXt"", ""ConvNeXt""]}",2267241,10.57753186399998,28.177791346890444,0.0,0.297381591796875,0.0,-0.031180323542685073,0.0,64877.666666666664,68.52898818910303,5182.021884962966,5.473666591230152,-294.73089599609375,0.0,279.84521484375,0.0,0.5642695228258768,9.390753347155629e-07,3.230295260747274,3.3567288846878807e-06,2085722911,0.2817522646213064,0.7418191566759226,0.6518535857297936,27,678.2295532030003
4,"[4, 4, 4, 4, 4, 4, 4, 4]","{""encoder"": [""DARTS"", ""DARTS"", ""DARTS"", ""DARTS""], ""decoder"": [""DARTS"", ""DARTS"", ""DARTS"", ""DARTS""]}",3313801,26.596150169999987,30.68976978187884,3.552713678800501e-15,0.6195068359375,0.0,-0.02600485221046256,0.0,582692.6666666666,3.6817870057290873,247172.540198628,1.5617781014460714,-294.73089599609375,0.0,270.73230997721356,1.4386124291718496e-05,1.399086316426595,6.659616999669591e-06,7.969598929087321,0.00016378475256819745,899893116,0.269869047768262,0.7534848986839762,0.6532563627982626,26,644.7495496549996
5,"[0, 0, 2, 1, 1, 1, 0, 4]","{""encoder"": [""Residual"", ""Residual"", ""Inception"", ""Dense""], ""decoder"": [""Dense"", ""Dense"", ""Residual"", ""DARTS""]}",5157654,21.082106223999972,31.348003611526252,0.0,0.32933959960937503,0.0,-0.06212508579119458,0.0,498294.3333333333,34.874377732401506,469661.58136975736,32.870442827459264,-294.7308654785156,0.0,268.05861409505206,1.4386124291718496e-05,0.9326133728027344,3.8010133246002575e-07,3.157206376393636,5.896007852869482e-06,1494578189,0.28952533858163015,0.7297317422166163,0.6296254797857634,18,617.9202044639997
6,"[0, 4, 3, 0, 0, 0, 1, 1]","{""encoder"": [""Residual"", ""DARTS"", ""ConvNeXt"", ""Residual""], ""decoder"": [""Residual"", ""Residual"", ""Dense"", ""Dense""]}",4271250,19.22198895300005,28.729151151468056,3.552713678800501e-15,0.59979248046875,0.0,-0.024080342314846348,0.0,380979.6666666667,34.92213560989012,344147.61124859616,31.545960588919176,-294.73089599609375,0.0,290.8873799641927,1.4386124291718496e-05,0.5510879556337992,1.4048949503631342e-07,2.3825861612955728,1.2665889621185643e-06,364121415,0.24899593360570013,0.7628957130471055,0.6696145339887969,26,659.0594794870003
7,"[4, 4, 0, 4, 1, 4, 3, 1]","{""encoder"": [""DARTS"", ""DARTS"", ""Residual"", ""DARTS""], ""decoder"": [""Dense"", ""DARTS"", ""ConvNeXt"", ""Dense""]}",4177313,23.11769427699994,29.69874158360763,0.0,0.5624114990234376,0.0,-0.01784756924280373,0.0,348475.6666666667,30.225081564084416,301977.7036768948,26.19207479099319,-294.73089599609375,0.0,280.2405192057292,1.4386124291718496e-05,0.6319314042727152,1.5644248076303424e-07,2.613687515258789,2.431401974483864e-06,1194012689,0.2511930642079334,0.7651154143469674,0.6716331413814,24,691.8600671009999
8,"[3, 4, 2, 0, 1, 3, 2, 2]","{""encoder"": [""ConvNeXt"", ""DARTS"", ""Inception"", ""Residual""], ""decoder"": [""Dense"", ""ConvNeXt"", ""Inception"", ""Inception""]}",4820882,27.595261284000003,32.00394767668484,0.0,0.5003814697265625,0.0,-0.03544628063809796,0.0,806699.6666666666,45.146674542232034,805988.6280320962,45.106881505091216,-294.73089599609375,0.0,277.4111328125,0.0,0.605543851852417,0.0,2.2180641492207847,1.4868010627325145e-06,9582072,0.2874995987026059,0.7365837693214417,0.6406401906694684,23,822.2854133730007
9,"[1, 1, 2, 0, 0, 3, 0, 2]","{""encoder"": [""Dense"", ""Dense"", ""Inception"", ""Residual""], ""decoder"": [""Residual"", ""ConvNeXt"", ""Residual"", ""Inception""]}",4496985,26.23700704600003,30.904367926733176,0.0,0.297259521484375,0.0,-0.013607202268758556,0.0,553495.0,40.554490092549145,536667.3044031233,39.32152752856016,-294.73089599609375,0.0,286.08538818359375,0.0,0.4928794999917348,1.9274728644301445e-06,3.733950694402059,8.778776554035826e-05,1937969039,0.28290469488319087,0.7471855416589853,0.6437375752293334,22,808.5277119530001
10,"[2, 4, 2, 0, 3, 4, 0, 3]","{""encoder"": [""Inception"", ""DARTS"", ""Inception"", ""Residual""], ""decoder"": [""ConvNeXt"", ""DARTS"", ""Residual"", ""ConvNeXt""]}",3579971,24.747725520000017,30.745005589054973,0.0,0.11549987792968748,1.3877787807814457e-17,-0.011723070598236518,0.0,761457.6666666666,26.02989734047285,429146.90330037527,14.67008650104691,-294.73089599609375,0.0,279.70330810546875,0.0,0.5691877007484436,1.9684578699272214e-06,4.301104227701823,1.596435487046524e-05,158113502,0.27568502632939085,0.7417637413861801,0.6496355728227265,24,771.5807665229986
11,"[0, 4, 2, 4, 2, 4, 1, 0]","{""encoder"": [""Residual"", ""DARTS"", ""Inception"", ""DARTS""], ""decoder"": [""Inception"", ""DARTS"", ""Dense"", ""Residual""]}",5301812,24.157648605000077,33.55983117151399,0.0,0.3147216796875,0.0,-0.04189515053622017,0.0,425699.0,17.204650534085253,380587.8190825682,15.381479460475598,-294.73089599609375,0.0,263.3868103027344,0.0,1.7459012269973755,1.9466795466607238e-07,4.680581887563069,4.583979115876824e-05,1621901919,0.31505350434050267,0.7255597491653598,0.6260496128578575,30,626.5476545959991
12,"[0, 1, 2, 0, 1, 0, 3, 2]","{""encoder"": [""Residual"", ""Dense"", ""Inception"", ""Residual""], ""decoder"": [""Dense"", ""Residual"", ""ConvNeXt"", ""Inception""]}",4978121,24.06734773900007,31.42510879828394,0.0,0.4484008789062501,5.551115123125783e-17,-0.016295328907062867,0.0,768437.6666666666,29.80305726300948,755675.5091356765,29.3080902303012,-294.73089599609375,0.0,284.25452677408856,1.4386124291718496e-05,0.5891230305035909,2.400685543536062e-07,2.7114854653676352,1.577331063595489e-05,2084184388,0.28510554530182664,0.7380595900574509,0.6468351398195539,30,757.5513941709996
13,"[3, 2, 1, 2, 2, 1, 2, 0]","{""encoder"": [""ConvNeXt"", ""Inception"", ""Dense"", ""Inception""], ""decoder"": [""Inception"", ""Dense"", ""Inception"", ""Residual""]}",6855289,28.62426906999997,35.578003342991614,0.0,0.264141845703125,0.0,-0.023657603334640953,0.0,545717.3333333334,30.26916289265731,95590.74009181697,5.302106981267907,-294.73089599609375,0.0,257.765869140625,0.0,1.2984862327575684,1.9466795466607238e-07,3.4403957525889077,5.9694646066709915e-06,1055249543,0.3069849896187685,0.7037058302334377,0.6112664500061347,26,727.7340213520001
14,"[4, 1, 4, 1, 1, 3, 3, 2]","{""encoder"": [""DARTS"", ""Dense"", ""DARTS"", ""Dense""], ""decoder"": [""Dense"", ""ConvNeXt"", ""ConvNeXt"", ""Inception""]}",4424503,24.760288652999975,30.57123515486502,3.552713678800501e-15,0.383990478515625,0.0,-0.012185543555460754,0.0,597319.6666666666,23.342855200015464,568676.4934665286,22.22349904656918,-294.73089599609375,0.0,285.47186279296875,0.0,0.5381953517595927,1.7091284726148102e-07,1.929932673772176,6.546991353955169e-06,1652230410,0.2781523399207057,0.744484335792308,0.6495891371551825,20,752.9882787230017
15,"[4, 1, 2, 0, 1, 0, 2, 3]","{""encoder"": [""DARTS"", ""Dense"", ""Inception"", ""Residual""], ""decoder"": [""Dense"", ""Residual"", ""Inception"", ""ConvNeXt""]}",5062774,23.712603359000013,31.4761288746476,0.0,0.3817626953125,0.0,-0.021219132853047995,0.0,541346.3333333334,25.746628689770024,523498.9506265551,24.89780067091018,-294.73089599609375,0.0,270.0181884765625,0.0,0.8967613577842712,1.02200676199688e-06,3.1598117351531982,7.705999279993311e-06,1508110866,0.29208732989369607,0.7389950010241294,0.6440006573589481,24,681.7261016109987
16,"[2, 0, 1, 4, 2, 1, 3, 3]","{""encoder"": [""Inception"", ""Residual"", ""Dense"", ""DARTS""], ""decoder"": [""Inception"", ""Dense"", ""ConvNeXt"", ""ConvNeXt""]}",5174938,24.733663268999976,32.69182162059684,0.0,0.0794830322265625,0.0,-0.02194575341309246,0.0,531982.6666666666,32.83629428273267,498687.342268013,30.78116140209346,-294.73089599609375,0.0,272.4447428385417,1.4386124291718496e-05,0.8249757488568624,1.3810910540408106e-06,4.265147050221761,2.9374441859639644e-05,20022087,0.2760419821252628,0.7443678987269499,0.6471662472705452,29,756.0153693800003
17,"[3, 1, 2, 1, 1, 4, 4, 2]","{""encoder"": [""ConvNeXt"", ""Dense"", ""Inception"", ""Dense""], ""decoder"": [""Dense"", ""DARTS"", ""DARTS"", ""Inception""]}",4945315,28.63658055799999,33.07034661811828,0.0,0.4831695556640625,0.0,-0.039715940039059205,0.0,642007.6666666666,27.860764925289153,634479.3562561328,27.534064018880496,-294.73089599609375,0.0,274.4132893880208,1.4386124291718496e-05,0.5384721557299296,2.1153818216651543e-06,3.1476734479268393,9.830583941771707e-05,1946698040,0.25131362068409824,0.7647165060043335,0.6703031330692525,28,758.1840518259996
18,"[4, 3, 4, 3, 2, 1, 1, 4]","{""encoder"": [""DARTS"", ""ConvNeXt"", ""DARTS"", ""ConvNeXt""], ""decoder"": [""Inception"", ""Dense"", ""Dense"", ""DARTS""]}",4790660,24.592888083000048,31.873105624101687,0.0,0.5839385986328125,0.0,-0.023081739389454015,0.0,401168.3333333333,13.912424503139471,401123.859971762,13.910882177312274,-294.73089599609375,0.0,273.83465576171875,0.0,0.8745858271916708,6.997618015363727e-06,4.0656196276346845,3.270962338011531e-05,1864205894,0.2837620620824853,0.7389321156910488,0.6402856160183342,22,653.0314143239993
19,"[3, 0, 0, 0, 1, 1, 3, 4]","{""encoder"": [""ConvNeXt"", ""Residual"", ""Residual"", ""Residual""], ""decoder"": [""Dense"", ""Dense"", ""ConvNeXt"", ""DARTS""]}",4721126,17.93109132699999,28.2790547858679,0.0,0.462298583984375,0.0,-0.03581810609466629,0.0,379204.6666666667,23.697163449568293,378777.6359101333,23.67047755005066,-294.73089599609375,0.0,273.12563069661456,1.4386124291718496e-05,1.52562415599823,1.9466795466607238e-07,4.784610907236735,2.816525323656297e-06,918455607,0.2530605428072871,0.7666684194486968,0.6716248186267152,28,611.4746162310003
20,"[0, 3, 3, 4, 3, 4, 2, 4]","{""encoder"": [""Residual"", ""ConvNeXt"", ""ConvNeXt"", ""DARTS""], ""decoder"": [""ConvNeXt"", ""DARTS"", ""Inception"", ""DARTS""]}",2833736,21.99428824000006,31.194743471855087,0.0,0.579534912109375,0.0,-0.02018566041624581,0.0,544654.3333333334,26.886593106767712,119824.82509958728,5.915093517804076,-294.73089599609375,0.0,279.3348388671875,0.0,1.4312576452891033,5.5372112601901825e-06,6.7307813962300616,4.486888732582755e-05,664811260,0.2613135576248169,0.7560781958151837,0.6633765952927726,30,625.8527876259996
21,"[0, 0, 4, 2, 2, 0, 2, 3]","{""encoder"": [""Residual"", ""Residual"", ""DARTS"", ""Inception""], ""decoder"": [""Inception"", ""Residual"", ""Inception"", ""ConvNeXt""]}",6603370,23.28128540900002,33.433133183711114,0.0,0.3958679199218749,5.551115123125783e-17,-0.027988886320599704,0.0,514426.6666666667,31.54185931248963,133917.67146627288,8.211106901234457,-294.73089599609375,0.0,261.8972981770833,1.4386124291718496e-05,0.8562889893849691,1.7091284726148102e-07,3.0674667358398438,7.81586383383703e-06,1640877311,0.2901250841666241,0.7325888008487468,0.6271098012826881,27,622.217659033
22,"[1, 3, 0, 2, 4, 1, 4, 0]","{""encoder"": [""Dense"", ""ConvNeXt"", ""Residual"", ""Inception""], ""decoder"": [""DARTS"", ""Dense"", ""DARTS"", ""Residual""]}",5101971,22.344502275999957,32.11574521959997,0.0,0.1672760009765625,0.0,-0.02541049403953366,0.0,307246.3333333333,30.26916289265731,294242.72489779914,28.988078956981504,-294.73089599609375,0.0,273.53370157877606,1.4386124291718496e-05,1.2690693537394206,6.897905446888265e-06,8.687146504720053,0.0002938125273425437,159637921,0.25380831956863403,0.755871019801315,0.659673201794527,30,636.1625138380005
23,"[2, 4, 4, 1, 1, 2, 1, 4]","{""encoder"": [""Inception"", ""DARTS"", ""DARTS"", ""Dense""], ""decoder"": [""Dense"", ""Inception"", ""Dense"", ""DARTS""]}",4986496,30.601793247000046,32.87885508405872,0.0,0.09081115722656248,1.3877787807814457e-17,-0.017314424368123582,0.0,493721.0,27.36177382164151,484840.6724551013,26.86963045779386,-294.73089599609375,0.0,263.408203125,0.0,0.8257345755894979,1.7042713414833816e-06,6.129831790924072,1.9005814348618373e-05,297651061,0.27158512996167555,0.7449467109174145,0.6485563419303115,23,771.6607968989993
