arch_id,chromosome
0,"[0, 0, 0, 0, 0, 0, 0, 0]"
1,"[1, 1, 1, 1, 1, 1, 1, 1]"
2,"[2, 2, 2, 2, 2, 2, 2, 2]"
3,"[3, 3, 3, 3, 3, 3, 3, 3]"
4,"[4, 4, 4, 4, 4, 4, 4, 4]"
5,"[0, 0, 2, 1, 1, 1, 0, 4]"
6,"[0, 4, 3, 0, 0, 0, 1, 1]"
7,"[4, 4, 0, 4, 1, 4, 3, 1]"
8,"[3, 4, 2, 0, 1, 3, 2, 2]"
9,"[1, 1, 2, 0, 0, 3, 0, 2]"
10,"[2, 4, 2, 0, 3, 4, 0, 3]"
11,"[0, 4, 2, 4, 2, 4, 1, 0]"
12,"[0, 1, 2, 0, 1, 0, 3, 2]"
13,"[3, 2, 1, 2, 2, 1, 2, 0]"
14,"[4, 1, 4, 1, 1, 3, 3, 2]"
15,"[4, 1, 2, 0, 1, 0, 2, 3]"
16,"[2, 0, 1, 4, 2, 1, 3, 3]"
17,"[3, 1, 2, 1, 1, 4, 4, 2]"
18,"[4, 3, 4, 3, 2, 1, 1, 4]"
19,"[3, 0, 0, 0, 1, 1, 3, 4]"
20,"[0, 3, 3, 4, 3, 4, 2, 4]"
21,"[0, 0, 4, 2, 2, 0, 2, 3]"
22,"[1, 3, 0, 2, 4, 1, 4, 0]"
23,"[2, 4, 4, 1, 1, 2, 1, 4]"
